{"cameraMode":{"drawMode":0,"name":"Shaded","section":"Shading Mode"},"sceneLighting":true,"audioPlay":false,"sceneViewState":{"m_AlwaysRefresh":false,"showFog":true,"showSkybox":true,"showFlares":true,"showImageEffects":true,"showParticleSystems":true,"showVisualEffectGraphs":true,"m_FxEnabled":true},"in2DMode":false,"pivot":{"x":-1.6567871570587159,"y":2.5952892303466799,"z":-3.7326231002807619},"rotation":{"x":0.11455418169498444,"y":0.10855329036712647,"z":-0.012593448162078858,"w":0.9873912930488586},"size":4.299793720245361,"orthographic":false}